best epoch, train loss, train mae, valid loss, valid mae, test loss, test mae
00000059, 1.75771534, 0.54695678, 2.48665643, 0.68073028, 2.18197107, 0.60238200
