best epoch, train loss, train mae, valid loss, valid mae, test loss, test mae
00000140, 4.56417418, 1.59740162, 4.75840902, 1.64868164, 4.82190990, 1.66723275
