best epoch, train loss, train mae, valid loss, valid mae, test loss, test mae
00000125, 0.06254586, 0.15212610, 0.06296955, 0.14588982, 0.05582706, 0.14201379
